<Table3>

    <MEMBER INFO sr='1'>
        <ID>1</ID>
        <NAME>John Doe</NAME>
        <ADDRESS>H#38,R#3,BANANI,DHAKA</ADDRESS>
        <DEPARTMENT>Sales</DEPARTMENT>
        <SALARY>$20000</SALARY>
    </MEMBER INFO>

    <MEMBER INFO sr='2'>
        <ID>2</ID>
        <NAME>Mark Zuckerberg</NAME>
        <ADDRESS>Flat# A/1, H# 20, R#18, Mirpur, Dhaka</ADDRESS>
        <DEPARTMENT>Accounts</DEPARTMENT>
        <SALARY>$12000</SALARY>
    </MEMBER INFO>

    <MEMBER INFO sr='3'>
        <ID>3</ID>
        <NAME>Ala Voski</NAME>
        <ADDRESS>H# 38, R#3, Motijheel</ADDRESS>
        <DEPARTMENT>Human Resource</DEPARTMENT>
        <SALARY>$30000</SALARY>
    </MEMBER INFO>

 </Table3>   